Annual Distance (miles/vehicle),2020.0
LDVs,12940.444269587
HDVs,79624.752290206
aircraft,228416.947451592
rail,44047.887277871
ships,0.0
motorbikes,0.0
