Annual Distance (miles/vehicle),2020.0
LDVs,14412.087739668
HDVs,23470.765491675
aircraft,971354.431990877
rail,194804.428571429
ships,246.273674051
motorbikes,2450.042221224
