Annual Distance (miles/vehicle),2020.0
LDVs,14338.352610994
HDVs,39712.380941294
aircraft,235010.410141291
rail,137861.428571429
ships,262.023399259
motorbikes,2826.881312623
