Annual Distance (miles/vehicle),2020.0
LDVs,12573.921347785
HDVs,86238.005601071
aircraft,758494.679317885
rail,46010.058992411
ships,0.0
motorbikes,0.0
