Annual Distance (miles/vehicle),2020.0
LDVs,14312.195247295
HDVs,42313.50820863
aircraft,1138315.529862888
rail,194804.428571429
ships,261.77751841
motorbikes,2821.066148227
