Annual Distance (miles/vehicle),2020.0
LDVs,12916.266951952
HDVs,84840.302055431
aircraft,1106378.69708931
rail,46933.701301355
ships,0.0
motorbikes,0.0
