Unit: dimensionless,Year2020,Year2021,Year2022,Year2023,Year2024,Year2025,Year2026,Year2027,Year2028,Year2029,Year2030,Year2031,Year2032,Year2033,Year2034,Year2035,Year2036,Year2037,Year2038,Year2039,Year2040,Year2041,Year2042,Year2043,Year2044,Year2045,Year2046,Year2047,Year2048,Year2049,Year2050,Year2051,Year2052,Year2053,Year2054,Year2055,Year2056,Year2057,Year2058,Year2059,Year2060,Year2061,Year2062,Year2063,Year2064,Year2065,Year2066,Year2067,Year2068,Year2069,Year2070,Year2071,Year2072,Year2073,Year2074,Year2075,Year2076,Year2077,Year2078,Year2079,Year2080,Year2081,Year2082,Year2083,Year2084,Year2085,Year2086,Year2087,Year2088,Year2089,Year2090,Year2091,Year2092,Year2093,Year2094,Year2095,Year2096,Year2097,Year2098,Year2099,Year2100
RPS Fraction (dimensionless),0.13487351568202943,0.14397531153755558,0.15307710739308172,0.16759445248367563,0.2068899288311497,0.24618540517862375,0.2854808815260978,0.32477635787357184,0.36407183422104594,0.3822754259320983,0.4004790176431506,0.4186826093542029,0.4368862010652552,0.45508979277630746,0.4764380761843114,0.4977863595923153,0.5191346430003192,0.5404829264083232,0.5618312098163272,0.583179493224331,0.6045277766323349,0.6258760600403388,0.6472243434483427,0.6685726268563466,0.6922929417541288,0.7160132566519108,0.7397335715496931,0.7634538864474751,0.8108945162430394,0.8108945162430394,0.8108945162430394,0.8108945162430394,0.8108945162430394,0.8108945162430394,0.8108945162430394,0.8108945162430394,0.8108945162430394,0.8108945162430394,0.8108945162430394,0.8108945162430394,0.8108945162430394,0.8108945162430394,0.8108945162430394,0.8108945162430394,0.8108945162430394,0.8108945162430394,0.8108945162430394,0.8108945162430394,0.8108945162430394,0.8108945162430394,0.8108945162430394,0.8108945162430394,0.8108945162430394,0.8108945162430394,0.8108945162430394,0.8108945162430394,0.8108945162430394,0.8108945162430394,0.8108945162430394,0.8108945162430394,0.8108945162430394,0.8108945162430394,0.8108945162430394,0.8108945162430394,0.8108945162430394,0.8108945162430394,0.8108945162430394,0.8108945162430394,0.8108945162430394,0.8108945162430394,0.8108945162430394,0.8108945162430394,0.8108945162430394,0.8108945162430394,0.8108945162430394,0.8108945162430394,0.8108945162430394,0.8108945162430394,0.8108945162430394,0.8108945162430394,0.8108945162430394
