Unit: dimensionless (ratio of electricity demand in this hour to annual demand),Hour0,Hour1,Hour2,Hour3,Hour4,Hour5,Hour6,Hour7,Hour8,Hour9,Hour10,Hour11,Hour12,Hour13,Hour14,Hour15,Hour16,Hour17,Hour18,Hour19,Hour20,Hour21,Hour22,Hour23
Winter,0,0,0,0,0.0,6.227270462810741e-07,0.03562559159069397,0.35714330194789046,0.5976018781447713,0.6332312060977431,0.6153894534947442,0.6040564439794748,0.6108765505903453,0.6296536392168586,0.6119389229313009,0.4139229313007522,0.07181163752304089,0.0,0.0,0,0,0,0,0
Spring,0,0,0,0,0.0007757012989544683,0.1354106424593711,0.5112529484771887,0.7705126289044981,0.8418828341769932,0.8650417822772964,0.8524835437609247,0.8431304542766725,0.8249254352049801,0.8210233733828047,0.7946405944389937,0.7356174419889142,0.45759228814825886,0.1214504558361979,8.122526690622705e-06,0,0,0,0,0
Summer,0,0,0,0,0.0017569025231816908,0.2147368626253306,0.591777241330015,0.7594781763952877,0.8229565347351736,0.8567917319176311,0.862037259654435,0.8597426458643341,0.850057345038436,0.8289119713047375,0.7893609520900885,0.7061359191126301,0.3978714106554554,0.24475284775785766,0.0008049423950407096,0,0,0,0,0
Fall,0,0,0,0,0.0,0.016544122150870633,0.3383343419469756,0.6673682044145425,0.7488086516999837,0.757597065791827,0.7376154903454849,0.7301121398698031,0.7322608544386761,0.7374047840137595,0.716217772344059,0.5486339614505417,0.18910158250255424,0.007698131328846431,0.0,0,0,0,0,0
Summer Peak,0,0,0,0,0.0,0.040801076072335976,0.24958900014945448,0.34822896428037664,0.4364071140337767,0.5577641608130324,0.6995217456284561,0.7281422806755342,0.7536989986549095,0.7635629950680017,0.6407114033776714,0.3399342400239127,0.17164848303691524,0.12068450156927216,0.0,0,0,0,0,0
Winter Peak,0,0,0,0,0.0,0.0,0.00269018083993424,0.23979973098191598,0.26468390375130774,0.31235988641458673,0.3202062471977283,0.39089822149155584,0.3845464056194889,0.4510536541623076,0.45680765206994467,0.25056045434165297,0.0,0.0,0.0,0,0,0,0,0
