solar pv,Hour0,Hour1,Hour2,Hour3,Hour4,Hour5,Hour6,Hour7,Hour8,Hour9,Hour10,Hour11,Hour12,Hour13,Hour14,Hour15,Hour16,Hour17,Hour18,Hour19,Hour20,Hour21,Hour22,Hour23
Winter,0,0,0,0,0.0,5.85072493876998e-07,0.032591463271418174,0.3213223987097414,0.5391911089071635,0.5714637076694189,0.5563577209500086,0.5466232847968832,0.5534809194976156,0.5708037458963258,0.5545855363660556,0.37639176212341974,0.06746763463142601,0.0,0.0,0,0,0,0,0
Spring,0,0,0,0,0.0006984302895656664,0.12192179431779289,0.4603247994137792,0.6937584857020581,0.7580191917264213,0.7788711754081973,0.7675639181234071,0.7591425309146649,0.7427509936580836,0.739237633332352,0.7154829587403291,0.6623393614402462,0.41200951286941667,0.10935224312746299,7.313406173462474e-06,0,0,0,0,0
Summer,0,0,0,0,0.0016922541568538817,0.19840056583020477,0.5377135627492255,0.6869026266283134,0.7439143014614619,0.7740439361515216,0.7775880467990237,0.7753872557942945,0.7660020126756543,0.7473887816790239,0.7125540075995425,0.6389319545860129,0.3650441790571473,0.22565188196128852,0.0007753231019150238,0,0,0,0,0
Fall,0,0,0,0,0.0,0.014896089564393748,0.3046313738735994,0.6008887298299176,0.6742165368821871,0.682129498491588,0.664138375434585,0.6573824666169684,0.6593171383012297,0.663948658484931,0.6448721779950245,0.49398212569443206,0.17026434428123488,0.006931286695494284,0.0,0,0,0,0,0
Summer Peak,0,0,0,0,0.0,0.036736701890536703,0.2247263448981549,0.31354034946868325,0.3929346868877918,0.5022028258442599,0.6298393157459965,0.6556088337388087,0.6786197349229911,0.687501135380044,0.5768873296876587,0.30607189908434335,0.15454982462007838,0.10866258892530545,0.0,0,0,0,0,0
Winter Peak,0,0,0,0,0.0,0.0,0.0024222001246507717,0.21591222777789792,0.2383175789309176,0.2812443478066729,0.28830909817023764,0.3519591347791163,0.34624005115146866,0.4061222208997794,0.41130303783306016,0.22560102827650103,0.0,0.0,0.0,0,0,0,0,0
