Unit: dimensionless (ratio of electricity demand in this hour to annual demand),Hour0,Hour1,Hour2,Hour3,Hour4,Hour5,Hour6,Hour7,Hour8,Hour9,Hour10,Hour11,Hour12,Hour13,Hour14,Hour15,Hour16,Hour17,Hour18,Hour19,Hour20,Hour21,Hour22,Hour23
Winter,0,0,0,0,0.0,0.0,0.07482175864800629,0.31299401461138987,0.44606108617199197,0.45929935745092865,0.4533909867089163,0.44961271014875454,0.4469919021212924,0.5604106152627407,0.5132998855734529,0.3182862424082389,0.054660681278056525,0.0,0.0,0,0,0,0,0
Spring,0,0,0,0,0.0005281225244256667,0.00807396011526848,0.35443335897406475,0.49316023926246555,0.5286449064878705,0.5448444908784059,0.5328354439099436,0.5286305553323153,0.520886671794813,0.5631737867533095,0.5414002135451946,0.4877096703826592,0.2856224383187335,0.12087117254681347,0.0,0,0,0,0,0
Summer,0,0,0,0,0.0013863216266173759,0.01599292775054248,0.38899955224394694,0.48530441671163355,0.5229934214302934,0.5460557284072516,0.5470373474472164,0.5434782608695654,0.5318165118655354,0.5442159102650942,0.5246552852435682,0.4544379513438423,0.30100974730485297,0.1697110251317436,0.0017680623643815806,0,0,0,0,0
Fall,0,0,0,0,0.0,0.0,0.2728791768214816,0.4578778998039019,0.49850870319947,0.5043180509681524,0.4918422385468838,0.48866484565402785,0.4918508962931859,0.5522559922426593,0.5110754219569105,0.3684953269814336,0.12957183115663168,0.03466994506659972,0.0,0,0,0,0,0
Summer Peak,0,0,0,0,0.0,0.0073937153419593345,0.23343015579614473,0.12094005809347769,0.12939001848428835,0.44652759440190126,0.29152363348296806,0.3971481383681014,0.2746237127013467,0.3155532083443359,0.4906258251914445,0.4111433852653816,0.18563506733562185,0.026142064959070507,0.0,0,0,0,0,0
Winter Peak,0,0,0,0,0.0,0.0,0.03115922894111434,0.08291523633482968,0.10747293372062319,0.04119355690520201,0.09532611565883285,0.39292315817269613,0.4222339582783206,0.5397412199630315,0.2991814100871402,0.15632426722999737,0.0,0.0,0.0,0,0,0,0,0
