solar pv,Hour0,Hour1,Hour2,Hour3,Hour4,Hour5,Hour6,Hour7,Hour8,Hour9,Hour10,Hour11,Hour12,Hour13,Hour14,Hour15,Hour16,Hour17,Hour18,Hour19,Hour20,Hour21,Hour22,Hour23
Winter,0,0,0,0,0.0,6.498021352498164e-07,0.036197227944091026,0.35687198248133467,0.5988446518035255,0.6346877375839056,0.6179104962538905,0.6070990883276041,0.6147154191548674,0.633954760775344,0.6159422455862192,0.41803395865958815,0.07493193322633257,0.0,0.0,0,0,0,0,0
Spring,0,0,0,0,0.0007757012989544683,0.1354106424593711,0.5112529484771887,0.7705126289044981,0.8418828341769932,0.8650417822772964,0.8524835437609247,0.8431304542766725,0.8249254352049801,0.8210233733828047,0.7946405944389937,0.7356174419889142,0.45759228814825886,0.1214504558361979,8.122526690622705e-06,0,0,0,0,0
Summer,0,0,0,0,0.0018794771178222737,0.22035066194436823,0.5972036369576625,0.7628982701511575,0.8262174458575042,0.8596804802007556,0.8636166944142248,0.8611724183474503,0.8507488365141652,0.8300763260610396,0.7913875980577868,0.7096203508357285,0.4054309329088362,0.25061693423654813,0.000861101166787736,0,0,0,0,0
Fall,0,0,0,0,0.0,0.016544122150870633,0.3383343419469756,0.6673682044145425,0.7488086516999837,0.757597065791827,0.7376154903454849,0.7301121398698031,0.7322608544386761,0.7374047840137595,0.716217772344059,0.5486339614505417,0.18910158250255424,0.007698131328846431,0.0,0,0,0,0,0
Summer Peak,0,0,0,0,0.0,0.040801076072335976,0.24958900014945448,0.34822896428037664,0.4364071140337767,0.5577641608130324,0.6995217456284561,0.7281422806755342,0.7536989986549095,0.7635629950680017,0.6407114033776714,0.3399342400239127,0.17164848303691524,0.12068450156927216,0.0,0,0,0,0,0
Winter Peak,0,0,0,0,0.0,0.0,0.00269018083993424,0.23979973098191598,0.26468390375130774,0.31235988641458673,0.3202062471977283,0.39089822149155584,0.3845464056194889,0.4510536541623076,0.45680765206994467,0.25056045434165297,0.0,0.0,0.0,0,0,0,0,0
