Unit: dimensionless (ratio of electricity demand in this hour to annual demand),Hour0,Hour1,Hour2,Hour3,Hour4,Hour5,Hour6,Hour7,Hour8,Hour9,Hour10,Hour11,Hour12,Hour13,Hour14,Hour15,Hour16,Hour17,Hour18,Hour19,Hour20,Hour21,Hour22,Hour23
Winter,0.0,0.0,0.0,0.0,0.0,0.0,0.0,0.0,0.0,0.0,0.0,0.0,0.0,0.0,0.0,0.005170025417574373,0.04653022875816934,0.051700254175743705,0.05860384894698545,0.024131899055918362,0.0,0.0,0.0,0.0
Spring,0.0,0.0,0.0,0.0,0.0,0.0,0.0,0.0,0.0,0.0,0.0,0.0,0.0,0.0,0.0,0.0,0.0674351141422744,0.1416137396987763,0.14835725111300377,0.1333294259732862,0.06295278014587397,0.006743511414227443,0.0,0.0
Summer,0.08766564838495673,0.08766564838495673,0.08766564838495673,0.08766564838495673,0.08766564838495673,0.08766564838495673,0.08766564838495673,0.08766564838495673,0.08766564838495673,0.08766564838495673,0.08766564838495673,0.08766564838495673,0.09440915979918417,0.1146396940418665,0.12138320545609396,0.16184427394145864,0.2832274793975527,0.2899709908117802,0.3398369565217351,0.37735649332196197,0.1574019607843118,0.12966751918158406,0.12380446623093526,0.08766564838495673
Fall,0.05764313011178898,0.05764313011178898,0.05764313011178898,0.050852709025321685,0.050852709025321685,0.050852709025321685,0.050852709025321685,0.050852709025321685,0.050852709025321685,0.050852709025321685,0.050852709025321685,0.050852709025321685,0.050852709025321685,0.050852709025321685,0.050852709025321685,0.09153487624557904,0.13221704346583638,0.1423875852709007,0.20350137504910643,0.18654041215757472,0.11190613950498089,0.08477463480838494,0.05764313011178898,0.05764313011178898
Summer Peak,0.0,0.0,0.0,0.0,0.0,0.0,0.0,0.0,0.0,0.0,0.0,0.0,0.0,0.0,0.0,0.0,0.0,0.0,0.0,0.0,0.0,0.0,0.0,0.0
Winter Peak,0.0,0.0,0.0,0.0,0.0,0.0,0.0,0.0,0.0,0.0,0.0,0.0,0.0,0.0,0.0,0.0,0.0,0.0,0.0,0.0,0.0,0.0,0.0,0.0
