natural gas peaker,Hour0,Hour1,Hour2,Hour3,Hour4,Hour5,Hour6,Hour7,Hour8,Hour9,Hour10,Hour11,Hour12,Hour13,Hour14,Hour15,Hour16,Hour17,Hour18,Hour19,Hour20,Hour21,Hour22,Hour23
Winter,0.0,0.0,0.0,0.0,0.0,0.0,0.0,0.0,0.0,0.0,0.0,0.0,0.0,0.0,0.0,0.0,0.09794115996775592,0.10696205628057556,0.11727165206665513,0.03303756831448226,0.0,0.0,0.0,0.0
Spring,0.0,0.0,0.0,0.0,0.0,0.0,0.0,0.0,0.0,0.0,0.0,0.0,0.0,0.0,0.0,0.0,0.09987420917764586,0.24744006174070718,0.24744006174070718,0.22976925835736997,0.0638492011751519,0.0,0.0,0.0
Summer,0.10856543818335247,0.10856543818335247,0.10856543818335247,0.10856543818335247,0.10856543818335247,0.10856543818335247,0.10856543818335247,0.10856543818335247,0.10856543818335247,0.10856543818335247,0.10856543818335247,0.10856543818335247,0.12062826464816939,0.15681674404262025,0.1688795705074372,0.2515960948376105,0.7663289106977861,0.8846072740865757,0.95,0.95,0.6555180113110263,0.38538380653830745,0.23890662803695895,0.09650261171853552
Fall,0.0792905480678642,0.0792905480678642,0.07796535784945981,0.06802643121142668,0.06802643121142668,0.06802643121142668,0.06802643121142668,0.06802643121142668,0.06802643121142668,0.06802643121142668,0.06802643121142668,0.06802643121142668,0.06802643121142668,0.06802643121142668,0.06802643121142668,0.24390862186521278,0.39107835778690314,0.5079895837216928,0.6318212474637054,0.3251133335818833,0.18574749561301898,0.1245678805300151,0.0792905480678642,0.0792905480678642
Summer Peak,0.0,0.0,0.0,0.0,0.0,0.0,0.0,0.0,0.0,0.0,0.0,0.0,0.0,0.0,0.0,0.0,0.0,0.0,0.95,0.95,0.95,0.0,0.0,0.0
Winter Peak,0.0,0.0,0.0,0.0,0.0,0.0,0.0,0.0,0.0,0.0,0.0,0.0,0.0,0.0,0.0,0.0,0.0,0.0,0.0,0.0,0.0,0.0,0.0,0.0
