solar pv,Hour0,Hour1,Hour2,Hour3,Hour4,Hour5,Hour6,Hour7,Hour8,Hour9,Hour10,Hour11,Hour12,Hour13,Hour14,Hour15,Hour16,Hour17,Hour18,Hour19,Hour20,Hour21,Hour22,Hour23
Winter,0,0,0,0,0.0,5.863144141405772e-07,0.032660644439700855,0.3220044625604193,0.5403356377836729,0.5726767408676673,0.5575386890089716,0.5477835897865007,0.5546557810346426,0.5720153782085168,0.5557627426485402,0.3771907204769868,0.06761084666662065,0.0,0.0,0,0,0,0,0
Spring,0,0,0,0,0.000699912831880314,0.1221805949767195,0.4613019205435587,0.6952311112834011,0.7596282220675141,0.7805244677874842,0.7691932088411999,0.7607539457426639,0.7443276145374981,0.7408067964805837,0.7170016983734592,0.6637452943510347,0.4128840762238298,0.10958436268192692,7.328930176757214e-06,0,0,0,0,0
Summer,0,0,0,0,0.0016958462668069515,0.19882170626252513,0.5388549552716367,0.6883606994313305,0.7454933916682654,0.7756869818582801,0.7792386155099836,0.7770331529355373,0.767627987971776,0.7489752470870765,0.7140665300137622,0.6402882011191399,0.3658190501505883,0.22613086815129974,0.0007769688628782656,0,0,0,0,0
Fall,0,0,0,0,0.0,0.014927709159694703,0.3052780080601232,0.602164222862904,0.6756476812069624,0.6835774394825379,0.6655481270720397,0.6587778776382647,0.6607166560067288,0.6653580074144707,0.6462410337071832,0.49503069047600395,0.1706257605869762,0.006945999582341466,0.0,0,0,0,0,0
Summer Peak,0,0,0,0,0.0,0.03681468206388684,0.2252033664713957,0.3142058945379353,0.3937687605368116,0.5032688405217057,0.6311762615385434,0.657000479909365,0.680060225817514,0.688960478624168,0.5781118754867504,0.3067215910414308,0.15487788406730416,0.10889324456625869,0.0,0,0,0,0,0
Winter Peak,0,0,0,0,0.0,0.0,0.0024273416745419895,0.21637053982236787,0.2388234503118813,0.2818413388773754,0.2889210854281229,0.3527062305424763,0.34697500714425217,0.40698428743154025,0.412176101568755,0.22607990652053586,0.0,0.0,0.0,0,0,0,0,0
