solar pv,Hour0,Hour1,Hour2,Hour3,Hour4,Hour5,Hour6,Hour7,Hour8,Hour9,Hour10,Hour11,Hour12,Hour13,Hour14,Hour15,Hour16,Hour17,Hour18,Hour19,Hour20,Hour21,Hour22,Hour23
Winter,0,0,0,0,0.0,5.826608624153031e-07,0.03245712334084446,0.3199979282993471,0.5369685975846947,0.5691081707555231,0.5540644499488222,0.5443701385199564,0.5511995064883264,0.5684509293027187,0.5522995701965667,0.37484029931332485,0.06718953734942067,0.0,0.0,0,0,0,0,0
Spring,0,0,0,0,0.000695551404508268,0.12141924046656895,0.4584273699832682,0.6908988575218814,0.7548946850191887,0.77566071815567,0.7644000686634163,0.7560133938750259,0.7396894214883832,0.7361905430095792,0.7125337836694404,0.6596092408841019,0.41031123596501246,0.10890150016365423,7.283260780191288e-06,0,0,0,0,0
Summer,0,0,0,0,0.001685278793273192,0.19758277136613142,0.5354971417776755,0.6840712578614782,0.7408479342112756,0.7708533764709812,0.774382878520693,0.7721911590359603,0.7628446012901883,0.7443080928432334,0.7096169054782366,0.6362983178663113,0.3635394902598854,0.2247217593121747,0.0007721272695948836,0,0,0,0,0
Fall,0,0,0,0,0.0,0.014834688834354865,0.30337570280182385,0.5984119048535236,0.6714374593672529,0.6793178042541584,0.6614008394576267,0.6546727780647779,0.6565994751558893,0.6612119045091254,0.6422140560537263,0.4919459629140809,0.16956252552583154,0.006902716374312179,0.0,0,0,0,0,0
Summer Peak,0,0,0,0,0.0,0.03658527555105688,0.22380003725371792,0.31224795616836093,0.3913150351981175,0.5001327778627995,0.62724315830301,0.6529064559880919,0.6758225077068858,0.6846672995983502,0.5745094369501129,0.3048102902596296,0.15391278011131437,0.10821468867208217,0.0,0,0,0,0,0
Winter Peak,0,0,0,0,0.0,0.0,0.0024122159703993547,0.21502225136143135,0.2373352490876254,0.28008507656303616,0.28712070647670096,0.35050838169886184,0.34481287176875225,0.4044482110369585,0.409607672973646,0.2246711152430288,0.0,0.0,0.0,0,0,0,0,0
