natural gas steam turbine,Hour0,Hour1,Hour2,Hour3,Hour4,Hour5,Hour6,Hour7,Hour8,Hour9,Hour10,Hour11,Hour12,Hour13,Hour14,Hour15,Hour16,Hour17,Hour18,Hour19,Hour20,Hour21,Hour22,Hour23
Winter,0.0,0.0,0.0,0.0,0.0,0.0,0.0,0.0,0.0,0.0,0.0,0.0,0.0,0.0,0.0,0.013598749644785276,0.12238874680306747,0.13598749644785274,0.1541460642227886,0.06347428246660902,0.0,0.0,0.0,0.0
Spring,0.0,0.0,0.0,0.0,0.0,0.0,0.0,0.0,0.0,0.0,0.0,0.0,0.0,0.0,0.0,0.0,0.1699843705598159,0.3569671781756136,0.3739656152315952,0.33608482523443733,0.15868570616652253,0.0169984370559816,0.0,0.0
Summer,0.2000281197750392,0.2000281197750392,0.2000281197750392,0.2000281197750392,0.2000281197750392,0.2000281197750392,0.2000281197750392,0.2000281197750392,0.2000281197750392,0.2000281197750392,0.2000281197750392,0.2000281197750392,0.21821249430004275,0.2727656178750535,0.29094999240005703,0.38187186502507503,0.6910062319501361,0.7091906064751397,0.8002203982368045,0.9265937072503309,0.34561103511171476,0.3011483508131897,0.25501291989663755,0.18184374525003566
Fall,0.1453016179149237,0.1453016179149237,0.1453016179149237,0.12818493517625465,0.12818493517625465,0.12818493517625465,0.12818493517625465,0.12818493517625465,0.12818493517625465,0.12818493517625465,0.12818493517625465,0.12818493517625465,0.12818493517625465,0.12818493517625465,0.12818493517625465,0.23073288331725839,0.3332808314582621,0.35891781849351295,0.5129679631415345,0.47021429336761433,0.2820829315332654,0.21369227472409455,0.1453016179149237,0.1453016179149237
Summer Peak,0.0,0.0,0.0,0.0,0.0,0.0,0.0,0.0,0.0,0.0,0.0,0.0,0.0,0.0,0.0,0.0,0.0,0.0,0.0,0.0,0.0,0.0,0.0,0.0
Winter Peak,0.0,0.0,0.0,0.0,0.0,0.0,0.0,0.0,0.0,0.0,0.0,0.0,0.0,0.0,0.0,0.0,0.0,0.0,0.0,0.0,0.0,0.0,0.0,0.0
