Unit: dimensionless (ratio of electricity demand in this hour to annual demand),Hour0,Hour1,Hour2,Hour3,Hour4,Hour5,Hour6,Hour7,Hour8,Hour9,Hour10,Hour11,Hour12,Hour13,Hour14,Hour15,Hour16,Hour17,Hour18,Hour19,Hour20,Hour21,Hour22,Hour23
Winter,0.0,0.0,0.0,0.0,0.0,0.0,0.0,0.0,0.0,0.0,0.0,0.0,0.0,0.0,0.0,0.0,0.09386027830243275,0.10250530393555156,0.1123853332305445,0.031661002968045505,0.0,0.0,0.0,0.0
Spring,0.0,0.0,0.0,0.0,0.0,0.0,0.0,0.0,0.0,0.0,0.0,0.0,0.0,0.0,0.0,0.0,0.09987420917764586,0.24744006174070718,0.24744006174070718,0.22976925835736997,0.0638492011751519,0.0,0.0,0.0
Summer,0.11276120391024531,0.11276120391024531,0.11276120391024531,0.11276120391024531,0.11276120391024531,0.11276120391024531,0.11276120391024531,0.11276120391024531,0.11276120391024531,0.11276120391024531,0.11276120391024531,0.11276120391024531,0.12403732430126983,0.15786568547434346,0.169141805865368,0.2716031768643312,0.8033381527060205,0.9470476697240995,0.95,0.95,0.8259880222360438,0.5228507597760335,0.27902296171037333,0.11276120391024531
Fall,0.0792905480678642,0.0792905480678642,0.07796535784945981,0.06802643121142668,0.06802643121142668,0.06802643121142668,0.06802643121142668,0.06802643121142668,0.06802643121142668,0.06802643121142668,0.06802643121142668,0.06802643121142668,0.06802643121142668,0.06802643121142668,0.06802643121142668,0.24390862186521278,0.39107835778690314,0.5079895837216928,0.6318212474637054,0.3251133335818833,0.18574749561301898,0.1245678805300151,0.0792905480678642,0.0792905480678642
Summer Peak,0.0,0.0,0.0,0.0,0.0,0.0,0.0,0.0,0.0,0.0,0.0,0.0,0.0,0.0,0.0,0.0,0.0,0.0,0.95,0.95,0.95,0.0,0.0,0.0
Winter Peak,0.0,0.0,0.0,0.0,0.0,0.0,0.0,0.0,0.0,0.0,0.0,0.0,0.0,0.0,0.0,0.0,0.0,0.0,0.0,0.0,0.0,0.0,0.0,0.0
